CrimeLog_ID,Year,Crime_code,PoliceStation_ID,Total
1,2005,1,,4093
2,2005,2,,1190
3,2005,3,,1551
4,2005,4,,22711
5,2005,5,,3389
6,2005,6,,4159
7,2006,4,,20301
8,2006,1,,3708
9,2006,2,,1004
10,2006,3,,1201
11,2006,5,,3159
12,2006,6,,3890
13,2007,5,,3565
14,2007,4,,19556
15,2007,6,,4003
16,2007,3,,926
17,2007,1,,3719
18,2007,2,,1027
19,2008,4,,19918
20,2008,3,,898
21,2008,1,,3926
22,2008,6,,3921
23,2008,2,,962
24,2008,5,,3488
25,2009,6,,3699
26,2009,5,,3359
27,2009,3,,1025
28,2009,4,,20445
29,2009,1,,3907
30,2009,2,,751
31,2010,1,,4177
32,2010,4,,19560
33,2010,2,,567
34,2010,5,,3804
35,2010,6,,4148
36,2010,3,,896
37,2011,7,1.0,7
38,2011,7,2.0,0
39,2011,8,3.0,55
40,2011,9,3.0,28
41,2011,10,3.0,13
42,2011,11,3.0,23
43,2011,7,3.0,9
44,2011,8,4.0,19
45,2011,10,4.0,10
46,2011,11,4.0,10
47,2011,7,4.0,12
48,2011,10,5.0,5
49,2011,10,6.0,4
50,2011,8,5.0,47
51,2011,11,2.0,0
52,2011,9,5.0,36
53,2011,9,4.0,8
54,2011,11,7.0,4
55,2011,7,8.0,8
56,2011,12,9.0,0
57,2011,13,6.0,0
58,2011,12,6.0,0
59,2011,13,7.0,0
60,2011,12,7.0,0
61,2011,12,10.0,286
62,2011,10,7.0,5
63,2011,9,7.0,3
64,2011,7,7.0,6
65,2011,8,2.0,0
66,2011,9,2.0,0
67,2011,8,7.0,21
68,2011,7,5.0,7
69,2011,11,5.0,20
70,2011,10,2.0,0
71,2011,11,8.0,16
72,2011,11,1.0,17
73,2011,9,8.0,23
74,2011,7,9.0,13
75,2011,11,9.0,20
76,2011,9,9.0,11
77,2011,11,11.0,17
78,2011,8,9.0,36
79,2011,7,6.0,2
80,2011,11,6.0,8
81,2011,9,6.0,7
82,2011,8,6.0,26
83,2011,7,11.0,15
84,2011,8,12.0,25
85,2011,10,13.0,7
86,2011,10,12.0,8
87,2011,7,14.0,22
88,2011,9,15.0,8
89,2011,8,1.0,22
90,2011,10,8.0,3
91,2011,9,1.0,12
92,2011,13,9.0,0
93,2011,8,8.0,19
94,2011,7,16.0,6
95,2011,11,16.0,20
96,2011,10,16.0,2
97,2011,9,16.0,15
98,2011,8,16.0,33
99,2011,7,17.0,44
100,2011,11,17.0,36
101,2011,10,17.0,45
102,2011,9,17.0,62
103,2011,9,12.0,13
104,2011,8,11.0,40
105,2011,9,11.0,37
106,2011,10,11.0,21
107,2011,10,9.0,11
108,2011,10,1.0,14
109,2011,12,18.0,0
110,2011,12,19.0,412
111,2011,12,20.0,0
112,2011,12,21.0,6
113,2011,13,22.0,51
114,2011,12,22.0,616
115,2011,13,12.0,156
116,2011,12,12.0,471
117,2011,13,4.0,22
118,2011,13,21.0,5
119,2011,12,4.0,422
120,2011,12,3.0,790
121,2011,13,2.0,0
122,2011,12,2.0,0
123,2011,13,7.0,18
124,2011,12,7.0,162
125,2011,13,5.0,44
126,2011,13,3.0,55
127,2011,12,23.0,191
128,2011,13,23.0,82
129,2011,12,24.0,107
130,2011,13,25.0,18
131,2011,12,25.0,16
132,2011,13,26.0,31
133,2011,12,26.0,182
134,2011,13,14.0,40
135,2011,12,14.0,244
136,2011,13,27.0,83
137,2011,12,27.0,325
138,2011,13,15.0,42
139,2011,12,15.0,290
140,2011,13,13.0,30
141,2011,12,13.0,238
142,2011,13,28.0,15
143,2011,12,28.0,273
144,2011,13,24.0,10
145,2011,12,5.0,558
146,2011,13,1.0,19
147,2011,12,1.0,375
148,2011,13,9.0,19
149,2011,13,29.0,20
150,2011,12,29.0,315
151,2011,13,30.0,33
152,2011,12,30.0,388
153,2011,13,31.0,38
154,2011,12,31.0,451
155,2011,13,32.0,125
156,2011,12,32.0,430
157,2011,13,33.0,75
158,2011,12,33.0,909
159,2011,13,20.0,0
160,2011,12,20.0,0
161,2011,13,18.0,0
162,2011,12,18.0,0
163,2011,13,20.0,0
164,2011,10,15.0,5
165,2011,13,18.0,0
166,2011,13,19.0,33
167,2011,13,34.0,90
168,2011,12,9.0,313
169,2011,13,6.0,30
170,2011,12,6.0,326
171,2011,13,11.0,69
172,2011,12,11.0,689
173,2011,13,8.0,27
174,2011,12,8.0,231
175,2011,13,16.0,22
176,2011,12,16.0,310
177,2011,13,17.0,30
178,2011,12,17.0,291
179,2011,13,35.0,12
180,2011,12,35.0,79
181,2011,13,36.0,16
182,2011,12,36.0,438
183,2011,12,34.0,638
184,2011,11,15.0,17
185,2011,13,10.0,193
186,2011,8,27.0,24
187,2011,5,,61
188,2011,4,,17292
189,2011,3,,69
190,2011,2,,49
191,2011,1,,2423
192,2011,14,,406
193,2011,8,7.0,0
194,2011,6,,3602
195,2011,9,7.0,0
196,2011,11,7.0,0
197,2011,7,7.0,0
198,2011,8,6.0,0
199,2011,9,6.0,0
200,2011,10,6.0,0
201,2011,9,20.0,0
202,2011,7,9.0,0
203,2011,10,7.0,0
204,2011,15,,16
205,2011,16,,150
206,2011,17,,172
207,2011,7,18.0,0
208,2011,8,20.0,0
209,2011,9,20.0,0
210,2011,10,20.0,0
211,2011,11,20.0,0
212,2011,7,20.0,0
213,2011,8,18.0,0
214,2011,9,18.0,0
215,2011,10,18.0,0
216,2011,11,18.0,0
217,2011,7,18.0,0
218,2011,8,20.0,0
219,2011,9,9.0,0
220,2011,7,6.0,0
221,2011,10,20.0,0
222,2011,11,6.0,0
223,2011,18,,3819
224,2011,11,20.0,0
225,2011,9,29.0,16
226,2011,11,29.0,7
227,2011,7,29.0,1
228,2011,10,32.0,15
229,2011,9,32.0,23
230,2011,8,32.0,48
231,2011,7,33.0,29
232,2011,11,33.0,54
233,2011,9,33.0,62
234,2011,8,33.0,83
235,2011,7,30.0,13
236,2011,7,32.0,18
237,2011,8,29.0,24
238,2011,7,36.0,9
239,2011,10,29.0,7
240,2011,9,35.0,16
241,2011,8,35.0,26
242,2011,7,20.0,0
243,2011,11,36.0,9
244,2011,10,36.0,5
245,2011,11,32.0,36
246,2011,7,15.0,9
247,2011,7,10.0,15
248,2011,8,30.0,44
249,2011,8,19.0,40
250,2011,9,19.0,21
251,2011,10,19.0,9
252,2011,11,19.0,33
253,2011,7,19.0,11
254,2011,8,34.0,49
255,2011,9,34.0,31
256,2011,10,34.0,10
257,2011,11,34.0,27
258,2011,7,34.0,17
259,2011,10,31.0,9
260,2011,11,31.0,25
261,2011,7,31.0,15
262,2011,11,30.0,15
263,2011,9,30.0,40
264,2011,10,30.0,8
265,2011,9,31.0,32
266,2011,8,31.0,48
267,2011,9,36.0,17
268,2011,8,36.0,44
269,2011,11,9.0,0
270,2011,9,21.0,7
271,2011,10,21.0,14
272,2011,11,21.0,17
273,2011,7,21.0,10
274,2011,8,23.0,26
275,2011,9,23.0,5
276,2011,11,23.0,8
277,2011,7,35.0,8
278,2011,7,23.0,6
279,2011,8,24.0,15
280,2011,9,24.0,8
281,2011,11,24.0,7
282,2011,7,24.0,1
283,2011,8,28.0,26
284,2011,8,21.0,108
285,2011,9,28.0,11
286,2011,11,28.0,17
287,2011,7,28.0,6
288,2011,8,13.0,38
289,2011,9,13.0,11
290,2011,8,17.0,73
291,2011,10,33.0,13
292,2011,11,35.0,14
293,2011,8,9.0,0
294,2011,10,9.0,0
295,2011,10,35.0,13
296,2011,8,18.0,0
297,2011,9,18.0,0
298,2011,10,18.0,0
299,2011,11,18.0,0
300,2011,10,28.0,7
301,2011,7,22.0,12
302,2011,10,24.0,1
303,2011,10,22.0,13
304,2011,9,27.0,10
305,2011,10,27.0,6
306,2011,11,27.0,25
307,2011,11,22.0,26
308,2011,8,14.0,47
309,2011,9,14.0,36
310,2011,10,14.0,12
311,2011,11,14.0,18
312,2011,8,26.0,45
313,2011,7,13.0,8
314,2011,9,26.0,21
315,2011,10,26.0,18
316,2011,11,26.0,17
317,2011,7,26.0,23
318,2011,8,25.0,77
319,2011,7,27.0,8
320,2011,10,25.0,9
321,2011,9,25.0,9
322,2011,9,22.0,16
323,2011,8,22.0,49
324,2011,10,23.0,7
325,2011,11,12.0,18
326,2011,11,13.0,25
327,2011,8,15.0,44
328,2011,7,12.0,10
329,2011,10,10.0,20
330,2011,9,10.0,18
331,2011,8,10.0,58
332,2011,7,25.0,12
333,2011,11,10.0,13
334,2011,11,25.0,18
335,2012,12,30.0,419
336,2012,13,31.0,30
337,2012,12,31.0,324
338,2012,13,32.0,77
339,2012,12,33.0,0
340,2012,13,33.0,0
341,2012,13,20.0,43
342,2012,13,18.0,26
343,2012,13,30.0,30
344,2012,12,20.0,458
345,2012,12,32.0,347
346,2012,12,29.0,353
347,2012,12,35.0,78
348,2012,12,19.0,288
349,2012,13,19.0,34
350,2012,12,34.0,564
351,2012,13,34.0,32
352,2012,12,36.0,373
353,2012,13,36.0,17
354,2012,13,35.0,7
355,2012,12,17.0,213
356,2012,13,17.0,33
357,2012,12,16.0,270
358,2012,13,16.0,22
359,2012,12,18.0,261
360,2012,13,29.0,22
361,2012,13,20.0,0
362,2012,11,20.0,12
363,2012,13,18.0,0
364,2012,12,8.0,195
365,2012,8,3.0,48
366,2012,9,7.0,6
367,2012,7,9.0,6
368,2012,10,7.0,3
369,2012,8,1.0,26
370,2012,9,1.0,9
371,2012,11,1.0,28
372,2012,7,1.0,3
373,2012,10,1.0,0
374,2012,9,5.0,37
375,2012,10,5.0,4
376,2012,12,20.0,0
377,2012,11,5.0,9
378,2012,8,7.0,31
379,2012,8,5.0,34
380,2012,11,9.0,13
381,2012,7,20.0,8
382,2012,9,33.0,0
383,2012,12,7.0,0
384,2012,13,7.0,0
385,2012,12,6.0,0
386,2012,13,6.0,0
387,2012,12,9.0,0
388,2012,13,9.0,0
389,2012,12,18.0,0
390,2012,7,5.0,3
391,2012,13,8.0,17
392,2012,12,15.0,245
393,2012,13,11.0,22
394,2012,13,13.0,38
395,2012,11,7.0,12
396,2012,13,15.0,18
397,2012,12,27.0,185
398,2012,13,27.0,77
399,2012,12,14.0,234
400,2012,13,14.0,29
401,2012,12,26.0,180
402,2012,13,26.0,28
403,2012,12,25.0,18
404,2012,13,25.0,4
405,2012,12,10.0,182
406,2012,13,10.0,34
407,2012,11,33.0,0
408,2012,7,33.0,0
409,2012,8,32.0,35
410,2012,9,32.0,14
411,2012,11,19.0,8
412,2012,10,32.0,12
413,2012,11,32.0,25
414,2012,7,32.0,11
415,2012,8,31.0,52
416,2012,9,31.0,20
417,2012,10,31.0,22
418,2012,11,31.0,29
419,2012,12,13.0,237
420,2012,13,28.0,8
421,2012,12,28.0,130
422,2012,13,24.0,5
423,2012,12,6.0,231
424,2012,13,6.0,33
425,2012,12,9.0,236
426,2012,10,33.0,0
427,2012,13,9.0,36
428,2012,12,1.0,226
429,2012,13,1.0,16
430,2012,12,5.0,447
431,2012,13,5.0,45
432,2012,12,7.0,125
433,2012,13,7.0,17
434,2012,12,2.0,0
435,2012,12,11.0,493
436,2012,13,2.0,0
437,2012,13,3.0,55
438,2012,12,4.0,311
439,2012,13,4.0,35
440,2012,12,12.0,258
441,2012,13,12.0,74
442,2012,12,22.0,343
443,2012,13,22.0,40
444,2012,12,21.0,4
445,2012,13,21.0,5
446,2012,12,23.0,107
447,2012,13,23.0,16
448,2012,12,24.0,37
449,2012,12,3.0,542
450,2012,7,7.0,5
451,2012,8,2.0,0
452,2012,9,2.0,0
453,2012,8,22.0,37
454,2012,9,22.0,14
455,2012,10,22.0,15
456,2012,11,22.0,10
457,2012,7,22.0,12
458,2012,8,21.0,125
459,2012,9,21.0,2
460,2012,10,21.0,10
461,2012,11,21.0,10
462,2012,7,21.0,15
463,2012,8,23.0,30
464,2012,9,23.0,17
465,2012,10,23.0,3
466,2012,11,23.0,9
467,2012,7,23.0,6
468,2012,8,24.0,28
469,2012,9,24.0,2
470,2012,10,24.0,5
471,2012,11,24.0,11
472,2012,7,24.0,2
473,2012,8,28.0,22
474,2012,9,28.0,4
475,2012,10,28.0,0
476,2012,11,28.0,16
477,2012,7,28.0,1
478,2012,8,13.0,32
479,2012,7,36.0,4
480,2012,9,4.0,21
481,2012,10,36.0,9
482,2012,7,12.0,5
483,2012,11,18.0,0
484,2012,11,12.0,12
485,2012,9,13.0,11
486,2012,7,15.0,9
487,2012,8,27.0,34
488,2012,9,27.0,16
489,2012,10,27.0,7
490,2012,11,27.0,19
491,2012,7,27.0,5
492,2012,8,14.0,43
493,2012,9,14.0,25
494,2012,10,14.0,6
495,2012,11,14.0,25
496,2012,8,26.0,60
497,2012,9,12.0,13
498,2012,9,26.0,31
499,2012,10,26.0,21
500,2012,11,26.0,17
501,2012,7,26.0,18
502,2012,8,25.0,85
503,2012,9,25.0,4
504,2012,10,25.0,3
505,2012,11,25.0,6
506,2012,7,25.0,8
507,2012,8,10.0,48
508,2012,9,10.0,12
509,2012,10,10.0,7
510,2012,11,10.0,9
511,2012,7,10.0,8
512,2012,7,13.0,4
513,2012,11,13.0,36
514,2012,10,13.0,10
515,2012,10,12.0,3
516,2012,11,36.0,7
517,2012,8,9.0,0
518,2012,10,9.0,0
519,2012,11,7.0,0
520,2012,7,7.0,0
521,2012,8,6.0,0
522,2012,11,18.0,14
523,2012,8,7.0,0
524,2012,8,20.0,58
525,2012,9,30.0,16
526,2012,11,30.0,6
527,2012,7,30.0,12
528,2012,10,19.0,11
529,2012,9,29.0,10
530,2012,10,29.0,7
531,2012,11,29.0,12
532,2012,7,29.0,0
533,2012,8,19.0,25
534,2012,9,19.0,17
535,2012,9,20.0,27
536,2012,8,36.0,31
537,2012,7,34.0,10
538,2012,11,34.0,9
539,2012,10,34.0,11
540,2012,9,34.0,25
541,2012,8,34.0,43
542,2012,7,19.0,6
543,2012,10,30.0,8
544,2012,8,29.0,27
545,2012,8,30.0,40
546,2012,7,31.0,7
547,2012,10,20.0,9
548,2012,10,7.0,0
549,2012,9,9.0,0
550,2012,9,7.0,0
551,2012,17,,191
552,2012,11,9.0,0
553,2012,7,9.0,0
554,2012,8,18.0,0
555,2012,9,18.0,0
556,2012,10,18.0,0
557,2012,7,18.0,0
558,2012,7,18.0,13
559,2012,8,20.0,0
560,2012,9,20.0,0
561,2012,10,20.0,0
562,2012,11,20.0,0
563,2012,7,20.0,0
564,2012,8,18.0,41
565,2012,9,18.0,37
566,2012,10,18.0,13
567,2012,7,6.0,0
568,2012,11,6.0,0
569,2012,10,6.0,0
570,2012,9,6.0,0
571,2012,6,,3567
572,2012,5,,88
573,2012,4,,17604
574,2012,3,,53
575,2012,1,,2271
576,2012,2,,99
577,2012,18,,3419
578,2012,14,,452
579,2012,16,,133
580,2012,15,,11
581,2012,9,36.0,13
582,2012,8,33.0,0
583,2012,10,15.0,4
584,2012,8,15.0,34
585,2012,9,17.0,50
586,2012,8,17.0,95
587,2012,7,35.0,4
588,2012,11,35.0,11
589,2012,10,2.0,0
590,2012,11,2.0,0
591,2012,7,2.0,0
592,2012,9,3.0,30
593,2012,10,3.0,7
594,2012,11,3.0,23
595,2012,7,3.0,11
596,2012,8,4.0,24
597,2012,9,9.0,17
598,2012,10,9.0,9
599,2012,11,16.0,9
600,2012,8,9.0,27
601,2012,7,6.0,4
602,2012,7,4.0,9
603,2012,8,35.0,27
604,2012,9,15.0,8
605,2012,9,35.0,5
606,2012,10,17.0,33
607,2012,11,17.0,53
608,2012,10,4.0,10
609,2012,8,16.0,33
610,2012,7,14.0,6
611,2012,8,12.0,28
612,2012,7,17.0,42
613,2012,11,15.0,12
614,2012,11,4.0,7
615,2012,11,6.0,17
616,2012,10,6.0,3
617,2012,9,6.0,7
618,2012,8,6.0,16
619,2012,7,11.0,15
620,2012,11,11.0,20
621,2012,10,35.0,5
622,2012,9,11.0,33
623,2012,10,16.0,2
624,2012,8,11.0,45
625,2012,7,8.0,9
626,2012,11,8.0,29
627,2012,10,8.0,8
628,2012,9,8.0,19
629,2012,8,8.0,34
630,2012,10,11.0,6
631,2012,9,16.0,12
632,2012,7,16.0,3
633,2013,13,31.0,21
634,2013,12,30.0,334
635,2013,13,30.0,35
636,2013,13,29.0,23
637,2013,12,34.0,495
638,2013,13,19.0,30
639,2013,12,31.0,309
640,2013,13,34.0,23
641,2013,12,36.0,265
642,2013,13,36.0,8
643,2013,12,35.0,52
644,2013,12,19.0,300
645,2013,13,32.0,327
646,2013,12,20.0,361
647,2013,13,33.0,0
648,2013,13,35.0,5
649,2013,12,7.0,0
650,2013,13,7.0,0
651,2013,12,6.0,0
652,2013,13,6.0,0
653,2013,12,9.0,0
654,2013,12,32.0,269
655,2013,13,9.0,0
656,2013,12,20.0,0
657,2013,13,20.0,0
658,2013,12,18.0,225
659,2013,13,18.0,19
660,2013,13,20.0,35
661,2013,12,33.0,0
662,2013,13,18.0,0
663,2013,12,18.0,0
664,2013,12,5.0,295
665,2013,13,17.0,30
666,2013,13,21.0,4
667,2013,12,23.0,80
668,2013,13,23.0,13
669,2013,12,24.0,33
670,2013,13,24.0,1
671,2013,12,28.0,111
672,2013,13,28.0,13
673,2013,12,13.0,186
674,2013,13,13.0,31
675,2013,12,15.0,196
676,2013,13,15.0,18
677,2013,12,27.0,163
678,2013,13,27.0,69
679,2013,12,14.0,165
680,2013,13,14.0,17
681,2013,12,26.0,116
682,2013,13,26.0,13
683,2013,12,25.0,12
684,2013,13,25.0,6
685,2013,12,10.0,151
686,2013,13,10.0,117
687,2013,12,21.0,5
688,2013,13,22.0,17
689,2013,12,22.0,248
690,2013,13,12.0,92
691,2013,12,16.0,254
692,2013,13,16.0,14
693,2013,12,8.0,154
694,2013,13,8.0,10
695,2013,12,11.0,375
696,2013,13,11.0,57
697,2013,12,6.0,111
698,2013,13,6.0,21
699,2013,12,9.0,239
700,2013,13,9.0,24
701,2013,12,17.0,174
702,2013,12,1.0,126
703,2013,13,5.0,26
704,2013,12,7.0,93
705,2013,13,7.0,9
706,2013,12,2.0,122
707,2013,13,2.0,6
708,2013,12,3.0,433
709,2013,13,3.0,73
710,2013,12,4.0,172
711,2013,13,4.0,23
712,2013,12,12.0,191
713,2013,13,1.0,10
714,2013,12,29.0,231
715,2013,8,21.0,102
716,2013,9,5.0,12
717,2013,10,18.0,5
718,2013,7,6.0,0
719,2013,8,9.0,0
720,2013,9,9.0,0
721,2013,10,9.0,0
722,2013,11,9.0,0
723,2013,7,9.0,0
724,2013,8,18.0,0
725,2013,9,18.0,0
726,2013,10,18.0,0
727,2013,11,18.0,0
728,2013,9,1.0,3
729,2013,8,20.0,0
730,2013,9,20.0,0
731,2013,10,20.0,0
732,2013,11,20.0,0
733,2013,7,20.0,0
734,2013,8,18.0,44
735,2013,11,6.0,0
736,2013,10,6.0,0
737,2013,9,6.0,0
738,2013,18,,3695
739,2013,9,34.0,19
740,2013,10,34.0,13
741,2013,16,,120
742,2013,9,3.0,17
743,2013,9,13.0,11
744,2013,7,26.0,26
745,2013,11,26.0,33
746,2013,10,26.0,17
747,2013,9,26.0,14
748,2013,8,26.0,56
749,2013,7,14.0,6
750,2013,11,14.0,17
751,2013,10,14.0,4
752,2013,8,14.0,38
753,2013,8,13.0,29
754,2013,7,27.0,8
755,2013,11,27.0,10
756,2013,10,27.0,3
757,2013,9,27.0,6
758,2013,8,27.0,33
759,2013,7,15.0,5
760,2013,11,15.0,9
761,2013,10,15.0,5
762,2013,9,15.0,9
763,2013,8,15.0,45
764,2013,7,13.0,4
765,2013,11,13.0,33
766,2013,10,13.0,7
767,2013,7,34.0,6
768,2013,1,,2377
769,2013,2,,164
770,2013,3,,36
771,2013,7,19.0,5
772,2013,8,34.0,50
773,2013,7,18.0,11
774,2013,7,31.0,5
775,2013,9,19.0,9
776,2013,10,31.0,6
777,2013,10,33.0,0
778,2013,8,20.0,44
779,2013,9,31.0,13
780,2013,9,20.0,15
781,2013,10,20.0,7
782,2013,7,20.0,5
783,2013,8,33.0,0
784,2013,9,33.0,0
785,2013,11,20.0,22
786,2013,7,33.0,0
787,2013,8,32.0,41
788,2013,8,31.0,49
789,2013,9,32.0,26
790,2013,10,32.0,9
791,2013,11,32.0,32
792,2013,11,33.0,0
793,2013,7,32.0,11
794,2013,11,19.0,15
795,2013,10,19.0,8
796,2013,8,19.0,37
797,2013,7,29.0,3
798,2013,4,,16432
799,2013,5,,252
800,2013,15,,16
801,2013,8,6.0,0
802,2013,14,,476
803,2013,6,,3525
804,2013,8,7.0,0
805,2013,9,7.0,0
806,2013,10,7.0,0
807,2013,11,7.0,0
808,2013,7,7.0,0
809,2013,8,25.0,70
810,2013,9,18.0,17
811,2013,11,18.0,10
812,2013,10,29.0,3
813,2013,8,30.0,46
814,2013,9,30.0,18
815,2013,10,30.0,8
816,2013,11,30.0,13
817,2013,7,30.0,10
818,2013,8,29.0,33
819,2013,9,29.0,3
820,2013,11,29.0,7
821,2013,11,31.0,24
822,2013,17,,162
823,2013,9,25.0,2
824,2013,7,18.0,0
825,2013,11,25.0,9
826,2013,11,7.0,2
827,2013,10,7.0,1
828,2013,9,7.0,12
829,2013,11,6.0,3
830,2013,11,34.0,11
831,2013,9,6.0,4
832,2013,9,35.0,6
833,2013,10,17.0,40
834,2013,9,17.0,33
835,2013,8,17.0,54
836,2013,7,35.0,2
837,2013,11,35.0,20
838,2013,10,35.0,6
839,2013,8,35.0,28
840,2013,8,6.0,17
841,2013,7,36.0,2
842,2013,11,36.0,2
843,2013,10,36.0,4
844,2013,9,36.0,12
845,2013,8,36.0,39
846,2013,11,10.0,7
847,2013,11,17.0,60
848,2013,7,17.0,47
849,2013,7,7.0,3
850,2013,8,16.0,31
851,2013,8,2.0,12
852,2013,8,7.0,13
853,2013,8,5.0,31
854,2013,7,1.0,4
855,2013,11,1.0,8
856,2013,10,1.0,0
857,2013,11,9.0,7
858,2013,8,1.0,20
859,2013,7,9.0,3
860,2013,10,9.0,7
861,2013,9,9.0,14
862,2013,8,9.0,43
863,2013,11,5.0,3
864,2013,7,6.0,3
865,2013,10,25.0,6
866,2013,9,2.0,5
867,2013,7,5.0,6
868,2013,7,2.0,2
869,2013,10,6.0,1
870,2013,7,3.0,10
871,2013,11,3.0,15
872,2013,10,3.0,5
873,2013,7,10.0,6
874,2013,8,3.0,37
875,2013,11,2.0,1
876,2013,10,2.0,0
877,2013,9,16.0,10
878,2013,10,5.0,2
879,2013,11,16.0,14
880,2013,11,21.0,13
881,2013,10,21.0,7
882,2013,11,28.0,9
883,2013,7,22.0,2
884,2013,11,22.0,30
885,2013,10,22.0,2
886,2013,9,22.0,16
887,2013,8,22.0,27
888,2013,7,12.0,4
889,2013,11,12.0,8
890,2013,10,12.0,5
891,2013,9,12.0,5
892,2013,8,12.0,20
893,2013,7,4.0,5
894,2013,11,4.0,0
895,2013,10,4.0,5
896,2013,10,28.0,4
897,2013,7,28.0,6
898,2013,9,10.0,9
899,2013,9,14.0,17
900,2013,8,10.0,60
901,2013,7,25.0,5
902,2013,10,16.0,9
903,2013,7,21.0,7
904,2013,8,23.0,29
905,2013,9,4.0,5
906,2013,10,23.0,2
907,2013,7,16.0,4
908,2013,9,23.0,4
909,2013,8,8.0,30
910,2013,9,8.0,6
911,2013,10,8.0,8
912,2013,7,8.0,3
913,2013,8,11.0,35
914,2013,9,11.0,37
915,2013,10,11.0,15
916,2013,11,11.0,15
917,2013,7,11.0,6
918,2013,8,4.0,20
919,2013,11,8.0,18
920,2013,10,10.0,13
921,2013,9,28.0,5
922,2013,11,23.0,13
923,2013,9,24.0,4
924,2013,10,24.0,2
925,2013,8,24.0,17
926,2013,7,24.0,1
927,2013,8,28.0,33
928,2013,9,21.0,6
929,2013,11,24.0,14
930,2013,7,23.0,15
931,2014,13,29.0,72
932,2014,12,19.0,217
933,2014,12,35.0,53
934,2014,13,19.0,76
935,2014,12,34.0,287
936,2014,13,34.0,6
937,2014,12,36.0,151
938,2014,13,36.0,4
939,2014,12,16.0,141
940,2014,12,17.0,151
941,2014,13,17.0,13
942,2014,13,16.0,8
943,2014,12,8.0,108
944,2014,13,8.0,6
945,2014,13,11.0,56
946,2014,12,29.0,192
947,2014,12,11.0,237
948,2014,13,35.0,3
949,2014,13,30.0,25
950,2014,12,18.0,145
951,2014,13,31.0,23
952,2014,12,6.0,0
953,2014,12,6.0,152
954,2014,13,6.0,0
955,2014,12,9.0,0
956,2014,13,9.0,0
957,2014,12,18.0,0
958,2014,13,18.0,0
959,2014,12,20.0,0
960,2014,13,20.0,0
961,2014,13,18.0,352
962,2014,12,20.0,29
963,2014,13,20.0,164
964,2014,12,33.0,0
965,2014,13,33.0,0
966,2014,12,32.0,247
967,2014,13,32.0,103
968,2014,12,31.0,286
969,2014,12,30.0,276
970,2014,13,6.0,5
971,2014,13,28.0,4
972,2014,13,9.0,15
973,2014,13,24.0,3
974,2014,12,28.0,77
975,2014,12,13.0,118
976,2014,13,13.0,9
977,2014,12,15.0,160
978,2014,13,15.0,11
979,2014,12,27.0,115
980,2014,13,27.0,40
981,2014,12,14.0,102
982,2014,13,14.0,11
983,2014,12,26.0,80
984,2014,13,26.0,24
985,2014,12,25.0,8
986,2014,13,25.0,5
987,2014,12,10.0,134
988,2014,13,10.0,78
989,2014,13,7.0,0
990,2014,12,24.0,29
991,2014,12,9.0,323
992,2014,13,23.0,17
993,2014,13,21.0,7
994,2014,12,1.0,144
995,2014,13,1.0,9
996,2014,12,5.0,271
997,2014,13,5.0,13
998,2014,12,7.0,66
999,2014,13,7.0,6
1000,2014,12,2.0,112
1001,2014,13,2.0,6
1002,2014,12,3.0,348
1003,2014,13,3.0,13
1004,2014,12,4.0,196
1005,2014,13,4.0,11
1006,2014,12,12.0,230
1007,2014,13,12.0,39
1008,2014,12,22.0,191
1009,2014,13,22.0,16
1010,2014,12,21.0,8
1011,2014,12,23.0,55
1012,2014,12,7.0,0
1013,2014,8,1.0,29
1014,2014,9,25.0,1
1015,2014,8,15.0,46
1016,2014,9,15.0,2
1017,2014,9,3.0,9
1018,2014,10,15.0,4
1019,2014,7,15.0,9
1020,2014,8,27.0,37
1021,2014,9,27.0,4
1022,2014,10,27.0,7
1023,2014,11,27.0,20
1024,2014,7,27.0,3
1025,2014,8,14.0,33
1026,2014,8,3.0,32
1027,2014,10,23.0,6
1028,2014,11,2.0,1
1029,2014,8,16.0,26
1030,2014,9,16.0,12
1031,2014,10,16.0,2
1032,2014,11,16.0,5
1033,2014,7,16.0,3
1034,2014,8,8.0,31
1035,2014,9,8.0,5
1036,2014,10,8.0,7
1037,2014,11,8.0,11
1038,2014,7,13.0,1
1039,2014,7,8.0,1
1040,2014,11,13.0,14
1041,2014,9,13.0,4
1042,2014,11,22.0,9
1043,2014,10,28.0,2
1044,2014,11,28.0,9
1045,2014,7,28.0,3
1046,2014,8,26.0,67
1047,2014,9,26.0,20
1048,2014,10,26.0,9
1049,2014,11,26.0,13
1050,2014,7,26.0,17
1051,2014,8,25.0,95
1052,2014,10,25.0,5
1053,2014,11,25.0,10
1054,2014,7,25.0,2
1055,2014,8,10.0,57
1056,2014,9,10.0,12
1057,2014,10,10.0,10
1058,2014,11,10.0,17
1059,2014,7,10.0,7
1060,2014,7,14.0,12
1061,2014,11,14.0,8
1062,2014,10,14.0,4
1063,2014,9,14.0,9
1064,2014,8,13.0,36
1065,2014,10,13.0,2
1066,2014,9,22.0,8
1067,2014,8,11.0,45
1068,2014,10,11.0,7
1069,2014,9,2.0,5
1070,2014,10,6.0,0
1071,2014,8,2.0,7
1072,2014,7,7.0,8
1073,2014,10,7.0,2
1074,2014,9,7.0,4
1075,2014,8,7.0,18
1076,2014,7,5.0,7
1077,2014,11,5.0,4
1078,2014,10,5.0,2
1079,2014,9,5.0,4
1080,2014,11,7.0,2
1081,2014,7,1.0,2
1082,2014,9,9.0,3
1083,2014,8,5.0,40
1084,2014,8,9.0,37
1085,2014,7,6.0,2
1086,2014,11,9.0,3
1087,2014,10,9.0,3
1088,2014,7,9.0,4
1089,2014,9,1.0,6
1090,2014,10,1.0,3
1091,2014,11,1.0,6
1092,2014,10,2.0,1
1093,2014,9,11.0,11
1094,2014,11,6.0,4
1095,2014,9,6.0,3
1096,2014,11,11.0,17
1097,2014,7,11.0,15
1098,2014,7,17.0,39
1099,2014,11,17.0,25
1100,2014,10,17.0,22
1101,2014,9,17.0,32
1102,2014,8,34.0,45
1103,2014,9,34.0,17
1104,2014,10,34.0,3
1105,2014,11,34.0,13
1106,2014,7,34.0,7
1107,2014,8,36.0,25
1108,2014,9,36.0,6
1109,2014,8,6.0,15
1110,2014,10,36.0,0
1111,2014,7,36.0,5
1112,2014,8,35.0,25
1113,2014,9,35.0,1
1114,2014,10,35.0,2
1115,2014,11,35.0,10
1116,2014,7,35.0,1
1117,2014,8,17.0,73
1118,2014,7,2.0,0
1119,2014,11,36.0,13
1120,2014,8,22.0,34
1121,2014,11,15.0,7
1122,2014,11,12.0,3
1123,2014,8,30.0,34
1124,2014,7,31.0,6
1125,2014,11,31.0,4
1126,2014,10,31.0,9
1127,2014,9,31.0,22
1128,2014,7,32.0,9
1129,2014,9,18.0,17
1130,2014,7,6.0,0
1131,2014,7,20.0,0
1132,2014,11,7.0,0
1133,2014,10,7.0,0
1134,2014,9,7.0,0
1135,2014,8,7.0,0
1136,2014,16,,164
1137,2014,6,,4047
1138,2014,5,,222
1139,2014,4,,16243
1140,2014,3,,49
1141,2014,2,,305
1142,2014,1,,2733
1143,2014,17,,168
1144,2014,15,,14
1145,2014,14,,513
1146,2014,9,30.0,16
1147,2014,10,30.0,5
1148,2014,11,30.0,3
1149,2014,7,30.0,2
1150,2014,9,32.0,8
1151,2014,10,33.0,0
1152,2014,11,18.0,13
1153,2014,8,32.0,53
1154,2014,7,33.0,0
1155,2014,11,33.0,0
1156,2014,9,33.0,0
1157,2014,8,20.0,43
1158,2014,7,20.0,11
1159,2014,11,20.0,4
1160,2014,10,20.0,14
1161,2014,9,19.0,4
1162,2014,9,20.0,35
1163,2014,10,32.0,3
1164,2014,8,33.0,0
1165,2014,11,32.0,5
1166,2014,11,29.0,5
1167,2014,8,31.0,59
1168,2014,8,19.0,29
1169,2014,7,29.0,6
1170,2014,10,18.0,7
1171,2014,10,29.0,6
1172,2014,9,29.0,5
1173,2014,8,29.0,22
1174,2014,7,12.0,1
1175,2014,7,7.0,0
1176,2014,7,18.0,10
1177,2014,8,6.0,0
1178,2014,11,23.0,10
1179,2014,7,23.0,6
1180,2014,8,24.0,21
1181,2014,9,24.0,3
1182,2014,10,24.0,4
1183,2014,11,24.0,8
1184,2014,7,24.0,4
1185,2014,8,28.0,16
1186,2014,8,21.0,108
1187,2014,9,28.0,5
1188,2014,7,22.0,9
1189,2014,10,22.0,0
1190,2014,10,3.0,2
1191,2014,11,3.0,9
1192,2014,7,3.0,3
1193,2014,8,4.0,22
1194,2014,10,4.0,3
1195,2014,11,4.0,7
1196,2014,7,4.0,4
1197,2014,8,12.0,33
1198,2014,9,12.0,4
1199,2014,10,12.0,4
1200,2014,8,18.0,44
1201,2014,11,19.0,7
1202,2014,9,23.0,5
1203,2014,9,4.0,5
1204,2014,7,21.0,8
1205,2014,10,6.0,0
1206,2014,8,23.0,24
1207,2014,11,20.0,0
1208,2014,10,20.0,0
1209,2014,9,20.0,0
1210,2014,7,18.0,0
1211,2014,11,18.0,0
1212,2014,10,18.0,0
1213,2014,9,18.0,0
1214,2014,8,18.0,0
1215,2014,7,9.0,0
1216,2014,8,20.0,0
1217,2014,10,19.0,1
1218,2014,11,9.0,0
1219,2014,11,21.0,11
1220,2014,9,21.0,7
1221,2014,7,19.0,3
1222,2014,18,,5465
1223,2014,10,21.0,4
1224,2014,11,6.0,0
1225,2014,8,9.0,0
1226,2014,9,9.0,0
1227,2014,10,9.0,0
1228,2014,9,6.0,0
1229,2015,9,20.0,0
1230,2015,7,9.0,0
1231,2015,7,18.0,0
1232,2015,8,18.0,0
1233,2015,9,18.0,0
1234,2015,10,18.0,0
1235,2015,11,18.0,0
1236,2015,5,,184
1237,2015,8,7.0,0
1238,2015,11,7.0,0
1239,2015,10,7.0,0
1240,2015,9,7.0,0
1241,2015,8,29.0,29
1242,2015,1,,2683
1243,2015,3,,90
1244,2015,11,9.0,0
1245,2015,4,,15229
1246,2015,7,7.0,0
1247,2015,9,9.0,0
1248,2015,7,21.0,6
1249,2015,11,6.0,0
1250,2015,11,24.0,7
1251,2015,6,,4419
1252,2015,9,24.0,2
1253,2015,7,23.0,6
1254,2015,10,21.0,3
1255,2015,11,23.0,6
1256,2015,10,23.0,2
1257,2015,9,23.0,1
1258,2015,8,23.0,28
1259,2015,11,21.0,5
1260,2015,11,29.0,12
1261,2015,8,4.0,24
1262,2015,9,29.0,5
1263,2015,10,9.0,0
1264,2015,8,6.0,0
1265,2015,9,6.0,0
1266,2015,10,6.0,0
1267,2015,8,9.0,0
1268,2015,2,,176
1269,2015,11,33.0,0
1270,2015,14,,473
1271,2015,8,32.0,45
1272,2015,11,31.0,14
1273,2015,9,20.0,13
1274,2015,10,33.0,0
1275,2015,7,20.0,0
1276,2015,8,18.0,45
1277,2015,9,18.0,15
1278,2015,10,18.0,4
1279,2015,7,18.0,6
1280,2015,8,20.0,33
1281,2015,11,18.0,12
1282,2015,10,20.0,1
1283,2015,9,33.0,0
1284,2015,7,20.0,1
1285,2015,8,33.0,0
1286,2015,11,20.0,2
1287,2015,7,24.0,1
1288,2015,7,30.0,2
1289,2015,15,,14
1290,2015,11,30.0,11
1291,2015,9,30.0,15
1292,2015,16,,162
1293,2015,17,,114
1294,2015,18,,8242
1295,2015,8,20.0,0
1296,2015,7,6.0,0
1297,2015,10,20.0,0
1298,2015,10,31.0,5
1299,2015,9,32.0,13
1300,2015,10,32.0,0
1301,2015,11,32.0,3
1302,2015,7,32.0,3
1303,2015,8,31.0,40
1304,2015,9,31.0,19
1305,2015,11,20.0,0
1306,2015,7,33.0,0
1307,2015,7,31.0,0
1308,2015,8,30.0,52
1309,2015,10,30.0,0
1310,2015,9,25.0,2
1311,2015,8,26.0,60
1312,2015,10,28.0,3
1313,2015,10,7.0,1
1314,2015,9,7.0,1
1315,2015,8,7.0,14
1316,2015,7,5.0,1
1317,2015,11,5.0,6
1318,2015,10,5.0,2
1319,2015,9,5.0,10
1320,2015,8,5.0,32
1321,2015,7,1.0,0
1322,2015,9,11.0,13
1323,2015,7,19.0,0
1324,2015,7,8.0,3
1325,2015,8,35.0,24
1326,2015,11,36.0,4
1327,2015,10,36.0,0
1328,2015,9,36.0,6
1329,2015,8,36.0,22
1330,2015,7,34.0,8
1331,2015,11,34.0,5
1332,2015,10,34.0,4
1333,2015,9,34.0,21
1334,2015,8,34.0,38
1335,2015,8,3.0,53
1336,2015,11,7.0,0
1337,2015,11,19.0,7
1338,2015,7,7.0,1
1339,2015,10,2.0,1
1340,2015,12,7.0,0
1341,2015,9,28.0,3
1342,2015,11,9.0,6
1343,2015,9,9.0,10
1344,2015,10,9.0,1
1345,2015,10,11.0,1
1346,2015,7,9.0,1
1347,2015,7,6.0,1
1348,2015,8,1.0,27
1349,2015,8,9.0,31
1350,2015,7,11.0,3
1351,2015,11,6.0,2
1352,2015,10,6.0,1
1353,2015,9,6.0,5
1354,2015,8,6.0,30
1355,2015,11,11.0,8
1356,2015,10,1.0,0
1357,2015,9,1.0,3
1358,2015,9,2.0,3
1359,2015,11,1.0,4
1360,2015,10,29.0,1
1361,2015,8,11.0,40
1362,2015,11,2.0,1
1363,2015,8,2.0,19
1364,2015,13,7.0,0
1365,2015,10,19.0,0
1366,2015,8,19.0,44
1367,2015,11,27.0,6
1368,2015,10,27.0,3
1369,2015,9,27.0,7
1370,2015,8,27.0,35
1371,2015,7,15.0,2
1372,2015,11,15.0,6
1373,2015,10,15.0,5
1374,2015,9,15.0,8
1375,2015,8,15.0,31
1376,2015,7,13.0,2
1377,2015,11,13.0,5
1378,2015,10,13.0,3
1379,2015,10,14.0,2
1380,2015,11,14.0,5
1381,2015,7,14.0,2
1382,2015,11,25.0,11
1383,2015,7,10.0,3
1384,2015,11,10.0,12
1385,2015,10,10.0,6
1386,2015,9,10.0,8
1387,2015,8,10.0,54
1388,2015,7,25.0,4
1389,2015,10,25.0,3
1390,2015,7,27.0,3
1391,2015,9,19.0,3
1392,2015,8,14.0,32
1393,2015,8,13.0,39
1394,2015,7,29.0,0
1395,2015,7,36.0,1
1396,2015,9,35.0,3
1397,2015,11,8.0,10
1398,2015,10,35.0,3
1399,2015,10,8.0,2
1400,2015,9,8.0,6
1401,2015,8,8.0,17
1402,2015,7,16.0,0
1403,2015,11,16.0,3
1404,2015,10,16.0,0
1405,2015,9,16.0,9
1406,2015,8,16.0,24
1407,2015,7,17.0,39
1408,2015,11,17.0,20
1409,2015,10,17.0,7
1410,2015,9,17.0,31
1411,2015,8,17.0,46
1412,2015,7,35.0,0
1413,2015,11,35.0,17
1414,2015,7,2.0,1
1415,2015,10,24.0,0
1416,2015,9,3.0,21
1417,2015,9,14.0,7
1418,2015,12,6.0,0
1419,2015,8,28.0,17
1420,2015,12,9.0,0
1421,2015,13,9.0,20
1422,2015,12,1.0,101
1423,2015,13,1.0,5
1424,2015,12,5.0,201
1425,2015,13,5.0,12
1426,2015,12,7.0,57
1427,2015,13,7.0,12
1428,2015,12,2.0,111
1429,2015,13,2.0,6
1430,2015,12,3.0,216
1431,2015,13,3.0,9
1432,2015,12,4.0,90
1433,2015,13,4.0,10
1434,2015,12,12.0,126
1435,2015,13,12.0,51
1436,2015,12,22.0,102
1437,2015,13,22.0,13
1438,2015,12,21.0,10
1439,2015,13,21.0,4
1440,2015,12,9.0,216
1441,2015,13,6.0,5
1442,2015,12,6.0,83
1443,2015,13,11.0,31
1444,2015,13,31.0,22
1445,2015,12,30.0,227
1446,2015,13,30.0,20
1447,2015,12,29.0,185
1448,2015,13,29.0,47
1449,2015,12,19.0,195
1450,2015,13,19.0,76
1451,2015,12,34.0,204
1452,2015,13,34.0,14
1453,2015,12,23.0,41
1454,2015,12,36.0,101
1455,2015,12,35.0,46
1456,2015,13,35.0,6
1457,2015,12,17.0,116
1458,2015,13,17.0,15
1459,2015,12,16.0,79
1460,2015,13,16.0,9
1461,2015,12,8.0,87
1462,2015,13,8.0,5
1463,2015,12,11.0,219
1464,2015,13,36.0,5
1465,2015,13,23.0,10
1466,2015,12,24.0,31
1467,2015,13,24.0,2
1468,2015,11,28.0,5
1469,2015,11,22.0,9
1470,2015,10,22.0,0
1471,2015,9,22.0,7
1472,2015,8,22.0,34
1473,2015,7,12.0,0
1474,2015,11,12.0,3
1475,2015,10,12.0,2
1476,2015,9,12.0,4
1477,2015,10,3.0,7
1478,2015,8,12.0,22
1479,2015,11,4.0,3
1480,2015,10,4.0,1
1481,2015,9,4.0,8
1482,2015,7,3.0,4
1483,2015,11,3.0,10
1484,2015,7,22.0,1
1485,2015,8,21.0,93
1486,2015,9,21.0,1
1487,2015,8,24.0,19
1488,2015,7,4.0,3
1489,2015,12,31.0,260
1490,2015,7,28.0,1
1491,2015,9,26.0,15
1492,2015,12,28.0,56
1493,2015,13,28.0,4
1494,2015,12,13.0,70
1495,2015,13,13.0,5
1496,2015,12,15.0,127
1497,2015,13,15.0,10
1498,2015,12,27.0,84
1499,2015,13,27.0,27
1500,2015,12,14.0,72
1501,2015,9,13.0,3
1502,2015,13,14.0,5
1503,2015,13,26.0,20
1504,2015,12,25.0,14
1505,2015,13,25.0,4
1506,2015,12,10.0,67
1507,2015,13,10.0,36
1508,2015,8,25.0,92
1509,2015,7,26.0,14
1510,2015,11,26.0,10
1511,2015,10,26.0,10
1512,2015,12,26.0,67
1513,2015,13,6.0,0
1514,2015,13,32.0,74
1515,2015,13,33.0,0
1516,2015,13,18.0,0
1517,2015,12,32.0,200
1518,2015,13,9.0,0
1519,2015,12,20.0,0
1520,2015,13,20.0,0
1521,2015,12,18.0,0
1522,2015,13,18.0,11
1523,2015,12,20.0,228
1524,2015,13,20.0,23
1525,2015,12,33.0,0
1526,2015,12,18.0,152
1527,2016,12,4.0,94
1528,2016,13,22.0,7
1529,2016,12,22.0,105
1530,2016,13,12.0,40
1531,2016,12,12.0,101
1532,2016,13,4.0,2
1533,2016,13,3.0,11
1534,2016,12,7.0,56
1535,2016,13,2.0,7
1536,2016,12,2.0,91
1537,2016,13,7.0,5
1538,2016,12,21.0,12
1539,2016,13,5.0,15
1540,2016,12,5.0,170
1541,2016,13,1.0,5
1542,2016,12,3.0,160
1543,2016,13,21.0,3
1544,2016,13,28.0,0
1545,2016,13,23.0,16
1546,2016,13,10.0,35
1547,2016,12,10.0,50
1548,2016,13,25.0,6
1549,2016,12,25.0,9
1550,2016,13,26.0,18
1551,2016,12,26.0,43
1552,2016,13,14.0,7
1553,2016,12,14.0,54
1554,2016,13,27.0,43
1555,2016,12,27.0,64
1556,2016,13,15.0,5
1557,2016,12,15.0,87
1558,2016,13,13.0,6
1559,2016,12,13.0,54
1560,2016,12,28.0,37
1561,2016,13,24.0,1
1562,2016,12,24.0,23
1563,2016,12,23.0,28
1564,2016,13,9.0,7
1565,2016,12,11.0,147
1566,2016,13,6.0,7
1567,2016,13,32.0,76
1568,2016,12,32.0,137
1569,2016,13,33.0,0
1570,2016,12,33.0,0
1571,2016,13,20.0,23
1572,2016,12,20.0,185
1573,2016,13,18.0,13
1574,2016,12,18.0,126
1575,2016,12,31.0,196
1576,2016,13,20.0,0
1577,2016,13,18.0,0
1578,2016,12,18.0,0
1579,2016,13,9.0,0
1580,2016,12,9.0,0
1581,2016,13,6.0,0
1582,2016,12,6.0,0
1583,2016,13,7.0,0
1584,2016,12,7.0,0
1585,2016,12,20.0,0
1586,2016,12,9.0,232
1587,2016,13,31.0,11
1588,2016,13,30.0,15
1589,2016,12,6.0,103
1590,2016,13,11.0,23
1591,2016,13,8.0,15
1592,2016,12,8.0,61
1593,2016,13,16.0,10
1594,2016,12,16.0,74
1595,2016,13,17.0,19
1596,2016,12,17.0,90
1597,2016,12,30.0,174
1598,2016,13,35.0,5
1599,2016,13,36.0,14
1600,2016,12,36.0,88
1601,2016,13,34.0,23
1602,2016,12,34.0,186
1603,2016,13,19.0,39
1604,2016,12,19.0,117
1605,2016,13,29.0,19
1606,2016,12,29.0,143
1607,2016,12,35.0,31
1608,2016,12,1.0,59
1609,2016,11,27.0,4
1610,2016,10,11.0,2
1611,2016,8,9.0,33
1612,2016,9,9.0,5
1613,2016,10,9.0,1
1614,2016,11,9.0,5
1615,2016,8,1.0,28
1616,2016,9,1.0,3
1617,2016,10,1.0,0
1618,2016,7,6.0,1
1619,2016,11,1.0,8
1620,2016,8,5.0,34
1621,2016,9,5.0,2
1622,2016,10,5.0,1
1623,2016,11,5.0,1
1624,2016,7,5.0,4
1625,2016,8,7.0,16
1626,2016,11,8.0,6
1627,2016,7,1.0,2
1628,2016,11,6.0,0
1629,2016,7,9.0,1
1630,2016,7,8.0,2
1631,2016,8,36.0,32
1632,2016,10,8.0,1
1633,2016,9,36.0,3
1634,2016,9,8.0,4
1635,2016,10,36.0,1
1636,2016,10,7.0,0
1637,2016,11,30.0,13
1638,2016,7,30.0,1
1639,2016,8,29.0,21
1640,2016,9,29.0,8
1641,2016,10,29.0,0
1642,2016,11,29.0,6
1643,2016,7,22.0,3
1644,2016,7,29.0,3
1645,2016,9,19.0,2
1646,2016,10,19.0,4
1647,2016,11,19.0,7
1648,2016,7,19.0,1
1649,2016,8,34.0,32
1650,2016,9,34.0,7
1651,2016,10,34.0,6
1652,2016,11,34.0,5
1653,2016,7,34.0,7
1654,2016,8,19.0,35
1655,2016,11,11.0,6
1656,2016,7,11.0,1
1657,2016,8,6.0,29
1658,2016,9,7.0,0
1659,2016,11,18.0,0
1660,2016,8,7.0,0
1661,2016,6,,5041
1662,2016,5,,143
1663,2016,4,,13894
1664,2016,3,,88
1665,2016,2,,153
1666,2016,1,,2923
1667,2016,7,7.0,0
1668,2016,18,,8268
1669,2016,14,,492
1670,2016,15,,18
1671,2016,16,,149
1672,2016,7,31.0,3
1673,2016,10,18.0,0
1674,2016,10,7.0,0
1675,2016,7,18.0,0
1676,2016,8,33.0,0
1677,2016,11,31.0,8
1678,2016,17,,112
1679,2016,11,36.0,0
1680,2016,8,6.0,0
1681,2016,10,6.0,0
1682,2016,9,6.0,5
1683,2016,10,6.0,0
1684,2016,8,11.0,44
1685,2016,9,11.0,4
1686,2016,10,21.0,0
1687,2016,11,22.0,8
1688,2016,10,22.0,3
1689,2016,10,30.0,1
1690,2016,9,30.0,7
1691,2016,9,6.0,0
1692,2016,8,30.0,34
1693,2016,9,18.0,0
1694,2016,8,18.0,0
1695,2016,7,9.0,0
1696,2016,11,9.0,0
1697,2016,10,9.0,0
1698,2016,9,9.0,0
1699,2016,8,9.0,0
1700,2016,7,6.0,0
1701,2016,11,6.0,0
1702,2016,11,7.0,0
1703,2016,8,20.0,0
1704,2016,8,8.0,22
1705,2016,11,16.0,0
1706,2016,8,4.0,29
1707,2016,9,4.0,1
1708,2016,10,4.0,3
1709,2016,11,4.0,3
1710,2016,7,4.0,2
1711,2016,8,12.0,24
1712,2016,9,12.0,5
1713,2016,11,24.0,8
1714,2016,7,24.0,0
1715,2016,8,28.0,22
1716,2016,9,28.0,5
1717,2016,11,14.0,9
1718,2016,7,14.0,2
1719,2016,8,26.0,48
1720,2016,9,26.0,8
1721,2016,10,26.0,3
1722,2016,11,26.0,9
1723,2016,7,26.0,12
1724,2016,8,25.0,69
1725,2016,7,3.0,2
1726,2016,11,3.0,7
1727,2016,10,3.0,3
1728,2016,9,3.0,10
1729,2016,11,21.0,8
1730,2016,9,22.0,1
1731,2016,7,21.0,5
1732,2016,9,23.0,1
1733,2016,10,23.0,1
1734,2016,11,23.0,3
1735,2016,7,23.0,2
1736,2016,8,24.0,17
1737,2016,9,24.0,2
1738,2016,9,25.0,4
1739,2016,10,24.0,0
1740,2016,7,12.0,3
1741,2016,11,12.0,4
1742,2016,10,12.0,1
1743,2016,8,2.0,25
1744,2016,9,2.0,0
1745,2016,10,2.0,0
1746,2016,11,2.0,6
1747,2016,7,2.0,2
1748,2016,8,3.0,39
1749,2016,8,23.0,25
1750,2016,10,25.0,1
1751,2016,11,25.0,7
1752,2016,7,25.0,0
1753,2016,10,27.0,0
1754,2016,8,21.0,108
1755,2016,8,14.0,46
1756,2016,11,7.0,5
1757,2016,8,22.0,34
1758,2016,9,7.0,1
1759,2016,7,36.0,1
1760,2016,8,35.0,28
1761,2016,9,35.0,3
1762,2016,9,27.0,3
1763,2016,10,35.0,1
1764,2016,7,35.0,1
1765,2016,8,17.0,64
1766,2016,9,17.0,17
1767,2016,10,17.0,9
1768,2016,11,17.0,17
1769,2016,7,17.0,16
1770,2016,8,16.0,17
1771,2016,9,16.0,3
1772,2016,10,16.0,1
1773,2016,11,35.0,11
1774,2016,7,16.0,3
1775,2016,8,27.0,29
1776,2016,11,15.0,3
1777,2016,8,10.0,47
1778,2016,9,10.0,1
1779,2016,10,10.0,2
1780,2016,11,10.0,2
1781,2016,7,10.0,3
1782,2016,10,14.0,1
1783,2016,7,7.0,0
1784,2016,9,14.0,6
1785,2016,7,27.0,1
1786,2016,7,15.0,1
1787,2016,10,28.0,0
1788,2016,7,28.0,4
1789,2016,8,13.0,47
1790,2016,9,13.0,4
1791,2016,10,13.0,0
1792,2016,11,13.0,10
1793,2016,7,13.0,1
1794,2016,8,15.0,31
1795,2016,9,15.0,3
1796,2016,10,15.0,2
1797,2016,11,28.0,4
1798,2016,10,31.0,4
1799,2016,9,21.0,3
1800,2016,8,31.0,49
1801,2016,9,31.0,4
1802,2016,10,20.0,0
1803,2016,11,20.0,2
1804,2016,10,20.0,3
1805,2016,8,20.0,36
1806,2016,7,18.0,3
1807,2016,11,18.0,9
1808,2016,9,18.0,12
1809,2016,7,20.0,0
1810,2016,11,20.0,0
1811,2016,9,20.0,0
1812,2016,9,20.0,9
1813,2016,10,18.0,6
1814,2016,7,20.0,1
1815,2016,11,32.0,8
1816,2016,7,32.0,2
1817,2016,8,32.0,46
1818,2016,7,33.0,0
1819,2016,10,32.0,2
1820,2016,10,33.0,0
1821,2016,9,33.0,0
1822,2016,9,32.0,9
1823,2016,8,18.0,33
1824,2016,11,33.0,0
1825,2017,6,,5135
1826,2017,16,,185
1827,2017,17,,103
1828,2017,18,,8364
1829,2017,5,,164
1830,2017,15,,8
1831,2017,4,,13239
1832,2017,9,18.0,0
1833,2017,7,32.0,4
1834,2017,1,,2749
1835,2017,14,,420
1836,2017,8,7.0,0
1837,2017,10,7.0,0
1838,2017,3,,172
1839,2017,2,,147
1840,2017,8,18.0,0
1841,2017,9,32.0,4
1842,2017,10,18.0,0
1843,2017,8,20.0,47
1844,2017,10,20.0,2
1845,2017,11,20.0,4
1846,2017,11,32.0,6
1847,2017,10,32.0,0
1848,2017,11,7.0,0
1849,2017,8,32.0,50
1850,2017,11,18.0,0
1851,2017,7,33.0,0
1852,2017,11,33.0,0
1853,2017,10,33.0,0
1854,2017,9,33.0,0
1855,2017,8,33.0,0
1856,2017,7,20.0,1
1857,2017,9,20.0,6
1858,2017,7,7.0,0
1859,2017,8,6.0,0
1860,2017,8,19.0,46
1861,2017,10,6.0,0
1862,2017,10,12.0,3
1863,2017,9,12.0,2
1864,2017,8,12.0,27
1865,2017,7,4.0,0
1866,2017,11,4.0,4
1867,2017,10,4.0,2
1868,2017,11,12.0,1
1869,2017,9,4.0,3
1870,2017,10,21.0,1
1871,2017,7,3.0,1
1872,2017,11,21.0,3
1873,2017,8,23.0,32
1874,2017,11,13.0,7
1875,2017,10,13.0,1
1876,2017,8,4.0,26
1877,2017,7,12.0,1
1878,2017,8,22.0,37
1879,2017,9,22.0,4
1880,2017,11,6.0,0
1881,2017,7,6.0,0
1882,2017,8,9.0,0
1883,2017,9,9.0,0
1884,2017,10,9.0,0
1885,2017,11,9.0,0
1886,2017,9,7.0,0
1887,2017,8,31.0,41
1888,2017,9,18.0,9
1889,2017,10,31.0,2
1890,2017,9,21.0,3
1891,2017,8,21.0,146
1892,2017,7,22.0,3
1893,2017,11,22.0,7
1894,2017,10,22.0,0
1895,2017,9,6.0,0
1896,2017,7,18.0,0
1897,2017,13,21.0,3
1898,2017,9,20.0,0
1899,2017,13,31.0,22
1900,2017,12,30.0,176
1901,2017,13,30.0,19
1902,2017,12,29.0,121
1903,2017,13,29.0,17
1904,2017,12,19.0,134
1905,2017,12,31.0,177
1906,2017,13,19.0,29
1907,2017,13,34.0,38
1908,2017,12,36.0,92
1909,2017,13,36.0,21
1910,2017,12,35.0,59
1911,2017,13,35.0,16
1912,2017,12,17.0,102
1913,2017,12,34.0,158
1914,2017,13,32.0,28
1915,2017,12,32.0,165
1916,2017,13,33.0,0
1917,2017,12,7.0,0
1918,2017,13,7.0,0
1919,2017,12,6.0,0
1920,2017,13,6.0,0
1921,2017,12,9.0,0
1922,2017,13,9.0,0
1923,2017,12,18.0,0
1924,2017,13,18.0,0
1925,2017,12,20.0,0
1926,2017,13,20.0,0
1927,2017,12,18.0,122
1928,2017,13,18.0,7
1929,2017,12,20.0,188
1930,2017,13,20.0,21
1931,2017,12,33.0,0
1932,2017,13,17.0,26
1933,2017,12,16.0,120
1934,2017,13,16.0,18
1935,2017,12,8.0,86
1936,2017,12,12.0,124
1937,2017,13,12.0,39
1938,2017,12,22.0,135
1939,2017,13,22.0,10
1940,2017,12,21.0,30
1941,2017,9,13.0,5
1942,2017,12,23.0,46
1943,2017,13,23.0,16
1944,2017,7,18.0,1
1945,2017,11,18.0,3
1946,2017,10,18.0,1
1947,2017,8,18.0,56
1948,2017,7,20.0,0
1949,2017,11,20.0,0
1950,2017,10,20.0,0
1951,2017,13,4.0,9
1952,2017,8,20.0,0
1953,2017,12,4.0,96
1954,2017,12,3.0,161
1955,2017,13,8.0,12
1956,2017,12,11.0,133
1957,2017,13,11.0,63
1958,2017,12,6.0,96
1959,2017,13,6.0,7
1960,2017,12,9.0,223
1961,2017,13,9.0,14
1962,2017,12,1.0,67
1963,2017,13,1.0,1
1964,2017,12,5.0,191
1965,2017,13,5.0,14
1966,2017,12,7.0,74
1967,2017,13,7.0,9
1968,2017,12,2.0,151
1969,2017,13,2.0,8
1970,2017,13,3.0,23
1971,2017,8,13.0,52
1972,2017,7,9.0,0
1973,2017,11,28.0,2
1974,2017,8,34.0,35
1975,2017,9,34.0,18
1976,2017,10,29.0,1
1977,2017,7,16.0,0
1978,2017,9,36.0,2
1979,2017,9,8.0,2
1980,2017,7,19.0,2
1981,2017,7,26.0,8
1982,2017,9,26.0,5
1983,2017,8,26.0,63
1984,2017,7,14.0,0
1985,2017,11,14.0,5
1986,2017,10,14.0,4
1987,2017,9,14.0,3
1988,2017,11,26.0,6
1989,2017,11,19.0,2
1990,2017,10,19.0,0
1991,2017,9,19.0,0
1992,2017,7,34.0,2
1993,2017,11,34.0,2
1994,2017,10,34.0,1
1995,2017,11,31.0,2
1996,2017,7,31.0,4
1997,2017,8,30.0,39
1998,2017,9,30.0,2
1999,2017,10,30.0,2
2000,2017,11,30.0,4
2001,2017,7,30.0,0
2002,2017,8,29.0,20
2003,2017,11,16.0,6
2004,2017,9,29.0,0
2005,2017,11,29.0,8
2006,2017,7,29.0,1
2007,2017,8,14.0,52
2008,2017,7,27.0,1
2009,2017,11,27.0,7
2010,2017,10,27.0,1
2011,2017,13,28.0,11
2012,2017,12,13.0,78
2013,2017,13,13.0,6
2014,2017,12,15.0,90
2015,2017,13,15.0,10
2016,2017,12,27.0,89
2017,2017,13,27.0,32
2018,2017,12,14.0,79
2019,2017,13,14.0,7
2020,2017,12,26.0,51
2021,2017,13,26.0,11
2022,2017,12,25.0,17
2023,2017,13,25.0,3
2024,2017,12,10.0,67
2025,2017,13,10.0,36
2026,2017,12,28.0,78
2027,2017,8,36.0,18
2028,2017,13,24.0,6
2029,2017,8,10.0,71
2030,2017,9,27.0,4
2031,2017,7,28.0,2
2032,2017,7,15.0,2
2033,2017,8,8.0,30
2034,2017,11,15.0,3
2035,2017,8,25.0,119
2036,2017,9,25.0,6
2037,2017,10,26.0,7
2038,2017,11,25.0,5
2039,2017,10,25.0,0
2040,2017,7,10.0,2
2041,2017,11,10.0,7
2042,2017,10,10.0,3
2043,2017,10,8.0,2
2044,2017,9,10.0,6
2045,2017,7,25.0,4
2046,2017,10,16.0,1
2047,2017,8,27.0,37
2048,2017,8,16.0,23
2049,2017,8,9.0,39
2050,2017,7,6.0,0
2051,2017,11,6.0,2
2052,2017,10,6.0,0
2053,2017,9,6.0,3
2054,2017,8,6.0,27
2055,2017,7,11.0,1
2056,2017,11,11.0,5
2057,2017,10,11.0,0
2058,2017,9,11.0,4
2059,2017,8,11.0,33
2060,2017,7,8.0,0
2061,2017,11,8.0,9
2062,2017,9,31.0,10
2063,2017,7,9.0,3
2064,2017,9,9.0,10
2065,2017,8,1.0,24
2066,2017,10,9.0,2
2067,2017,9,3.0,4
2068,2017,9,16.0,1
2069,2017,10,28.0,0
2070,2017,9,28.0,1
2071,2017,8,28.0,24
2072,2017,7,24.0,0
2073,2017,11,24.0,2
2074,2017,10,24.0,0
2075,2017,9,24.0,0
2076,2017,8,24.0,23
2077,2017,7,23.0,2
2078,2017,11,23.0,3
2079,2017,10,23.0,0
2080,2017,7,21.0,5
2081,2017,11,3.0,4
2082,2017,10,3.0,3
2083,2017,11,9.0,7
2084,2017,9,1.0,2
2085,2017,9,35.0,2
2086,2017,8,3.0,43
2087,2017,10,15.0,1
2088,2017,9,15.0,3
2089,2017,10,36.0,0
2090,2017,11,36.0,2
2091,2017,7,36.0,1
2092,2017,8,35.0,26
2093,2017,10,35.0,0
2094,2017,11,35.0,6
2095,2017,7,35.0,1
2096,2017,8,17.0,68
2097,2017,9,17.0,6
2098,2017,10,17.0,4
2099,2017,11,17.0,14
2100,2017,7,17.0,12
2101,2017,10,1.0,0
2102,2017,9,23.0,1
2103,2017,8,15.0,55
2104,2017,12,24.0,38
2105,2017,11,1.0,2
2106,2017,11,2.0,3
2107,2017,9,7.0,2
2108,2017,7,2.0,2
2109,2017,10,2.0,1
2110,2017,9,2.0,3
2111,2017,8,2.0,21
2112,2017,11,7.0,0
2113,2017,7,13.0,1
2114,2017,7,7.0,1
2115,2017,8,7.0,32
2116,2017,7,5.0,0
2117,2017,11,5.0,2
2118,2017,10,5.0,3
2119,2017,9,5.0,6
2120,2017,8,5.0,61
2121,2017,7,1.0,1
2122,2017,10,7.0,1
2123,2018,12,29.0,197
2124,2018,13,34.0,36
2125,2018,13,29.0,23
2126,2018,12,19.0,166
2127,2018,13,19.0,14
2128,2018,12,34.0,86
2129,2018,12,36.0,122
2130,2018,12,8.0,148
2131,2018,12,35.0,64
2132,2018,13,35.0,7
2133,2018,12,17.0,127
2134,2018,13,17.0,23
2135,2018,12,16.0,117
2136,2018,13,16.0,17
2137,2018,13,8.0,12
2138,2018,13,30.0,16
2139,2018,13,36.0,21
2140,2018,12,30.0,208
2141,2018,13,39.0,0
2142,2018,12,31.0,201
2143,2018,12,37.0,20
2144,2018,13,37.0,0
2145,2018,12,39.0,19
2146,2018,12,11.0,119
2147,2018,12,38.0,36
2148,2018,13,38.0,1
2149,2018,12,40.0,17
2150,2018,13,40.0,0
2151,2018,13,31.0,18
2152,2018,12,41.0,32
2153,2018,12,18.0,127
2154,2018,13,18.0,11
2155,2018,12,20.0,224
2156,2018,13,20.0,20
2157,2018,12,33.0,0
2158,2018,13,33.0,0
2159,2018,12,32.0,236
2160,2018,13,32.0,42
2161,2018,13,41.0,1
2162,2018,13,11.0,41
2163,2018,13,12.0,37
2164,2018,13,6.0,11
2165,2018,12,24.0,97
2166,2018,13,24.0,1
2167,2018,12,28.0,93
2168,2018,13,28.0,3
2169,2018,12,13.0,112
2170,2018,13,13.0,8
2171,2018,12,15.0,103
2172,2018,13,15.0,5
2173,2018,12,27.0,110
2174,2018,13,27.0,22
2175,2018,12,14.0,83
2176,2018,13,14.0,7
2177,2018,13,26.0,12
2178,2018,12,25.0,26
2179,2018,13,25.0,0
2180,2018,12,10.0,75
2181,2018,13,10.0,50
2182,2018,13,23.0,14
2183,2018,12,6.0,81
2184,2018,12,23.0,87
2185,2018,12,21.0,56
2186,2018,12,9.0,208
2187,2018,13,9.0,18
2188,2018,12,1.0,91
2189,2018,13,1.0,4
2190,2018,12,5.0,229
2191,2018,13,5.0,20
2192,2018,12,7.0,79
2193,2018,13,7.0,3
2194,2018,12,2.0,169
2195,2018,13,2.0,8
2196,2018,12,3.0,178
2197,2018,13,3.0,20
2198,2018,12,4.0,84
2199,2018,13,4.0,6
2200,2018,12,12.0,129
2201,2018,12,22.0,184
2202,2018,13,22.0,10
2203,2018,13,21.0,1
2204,2018,12,26.0,67
2205,2018,7,21.0,2
2206,2018,9,22.0,3
2207,2018,11,36.0,1
2208,2018,10,36.0,0
2209,2018,9,36.0,3
2210,2018,8,36.0,32
2211,2018,7,34.0,1
2212,2018,11,34.0,1
2213,2018,10,34.0,0
2214,2018,9,34.0,8
2215,2018,8,34.0,45
2216,2018,10,7.0,0
2217,2018,8,3.0,52
2218,2018,7,7.0,0
2219,2018,8,14.0,44
2220,2018,11,27.0,8
2221,2018,10,27.0,2
2222,2018,9,27.0,0
2223,2018,8,27.0,28
2224,2018,7,15.0,0
2225,2018,11,15.0,8
2226,2018,10,15.0,0
2227,2018,9,15.0,3
2228,2018,8,15.0,45
2229,2018,7,13.0,0
2230,2018,11,13.0,11
2231,2018,10,13.0,2
2232,2018,7,36.0,0
2233,2018,9,13.0,3
2234,2018,11,7.0,4
2235,2018,10,35.0,0
2236,2018,9,19.0,1
2237,2018,7,29.0,1
2238,2018,11,29.0,4
2239,2018,10,29.0,2
2240,2018,9,29.0,3
2241,2018,7,30.0,0
2242,2018,11,30.0,8
2243,2018,10,30.0,0
2244,2018,9,30.0,3
2245,2018,8,30.0,45
2246,2018,7,31.0,3
2247,2018,11,31.0,8
2248,2018,10,31.0,0
2249,2018,9,31.0,4
2250,2018,8,31.0,47
2251,2018,7,32.0,4
2252,2018,11,32.0,7
2253,2018,10,32.0,1
2254,2018,8,19.0,52
2255,2018,10,19.0,1
2256,2018,9,17.0,14
2257,2018,11,19.0,7
2258,2018,8,17.0,68
2259,2018,7,35.0,1
2260,2018,11,35.0,6
2261,2018,9,35.0,0
2262,2018,10,17.0,9
2263,2018,8,13.0,49
2264,2018,11,28.0,5
2265,2018,7,4.0,1
2266,2018,11,4.0,4
2267,2018,10,4.0,3
2268,2018,9,4.0,2
2269,2018,8,4.0,34
2270,2018,7,3.0,4
2271,2018,11,3.0,9
2272,2018,10,3.0,1
2273,2018,9,3.0,1
2274,2018,8,32.0,55
2275,2018,7,2.0,3
2276,2018,11,2.0,5
2277,2018,10,2.0,1
2278,2018,9,2.0,1
2279,2018,11,12.0,3
2280,2018,7,12.0,0
2281,2018,8,22.0,39
2282,2018,8,23.0,30
2283,2018,10,24.0,0
2284,2018,9,24.0,2
2285,2018,8,24.0,31
2286,2018,7,23.0,1
2287,2018,11,23.0,1
2288,2018,10,23.0,1
2289,2018,9,23.0,0
2290,2018,8,12.0,28
2291,2018,7,28.0,1
2292,2018,9,12.0,2
2293,2018,11,24.0,5
2294,2018,10,28.0,0
2295,2018,7,27.0,2
2296,2018,9,14.0,2
2297,2018,8,2.0,23
2298,2018,10,14.0,0
2299,2018,7,10.0,2
2300,2018,11,10.0,12
2301,2018,10,10.0,8
2302,2018,9,10.0,1
2303,2018,8,10.0,74
2304,2018,7,25.0,5
2305,2018,11,25.0,4
2306,2018,10,25.0,3
2307,2018,9,25.0,3
2308,2018,8,25.0,141
2309,2018,7,26.0,10
2310,2018,11,26.0,8
2311,2018,10,26.0,4
2312,2018,9,26.0,3
2313,2018,8,26.0,69
2314,2018,7,14.0,1
2315,2018,11,14.0,5
2316,2018,9,28.0,0
2317,2018,8,28.0,38
2318,2018,7,24.0,3
2319,2018,10,12.0,1
2320,2018,8,35.0,32
2321,2018,7,19.0,1
2322,2018,8,9.0,43
2323,2018,16,,213
2324,2018,5,,223
2325,2018,6,,5400
2326,2018,18,,9193
2327,2018,4,,12034
2328,2018,15,,9
2329,2018,14,,429
2330,2018,11,33.0,0
2331,2018,9,37.0,1
2332,2018,10,37.0,0
2333,2018,11,37.0,0
2334,2018,7,37.0,0
2335,2018,8,39.0,1
2336,2018,9,39.0,0
2337,2018,10,39.0,0
2338,2018,11,39.0,0
2339,2018,7,39.0,0
2340,2018,8,38.0,4
2341,2018,9,38.0,0
2342,2018,11,38.0,2
2343,2018,7,33.0,0
2344,2018,8,29.0,36
2345,2018,9,32.0,12
2346,2018,10,22.0,1
2347,2018,11,22.0,4
2348,2018,3,,124
2349,2018,2,,138
2350,2018,1,,3090
2351,2018,17,,107
2352,2018,8,18.0,43
2353,2018,7,40.0,0
2354,2018,8,41.0,2
2355,2018,9,41.0,0
2356,2018,10,41.0,0
2357,2018,11,41.0,0
2358,2018,7,41.0,0
2359,2018,9,40.0,0
2360,2018,10,40.0,0
2361,2018,11,40.0,0
2362,2018,7,20.0,0
2363,2018,9,33.0,0
2364,2018,7,22.0,3
2365,2018,8,33.0,0
2366,2018,10,20.0,1
2367,2018,9,20.0,7
2368,2018,7,17.0,8
2369,2018,7,18.0,9
2370,2018,11,18.0,5
2371,2018,10,18.0,0
2372,2018,8,40.0,7
2373,2018,9,18.0,2
2374,2018,10,33.0,0
2375,2018,7,38.0,0
2376,2018,8,37.0,1
2377,2018,10,38.0,0
2378,2018,11,20.0,2
2379,2018,8,21.0,173
2380,2018,8,20.0,41
2381,2018,10,21.0,0
2382,2018,8,8.0,20
2383,2018,7,16.0,1
2384,2018,11,16.0,2
2385,2018,10,16.0,0
2386,2018,8,16.0,47
2387,2018,10,6.0,0
2388,2018,8,1.0,36
2389,2018,11,6.0,2
2390,2018,7,6.0,0
2391,2018,9,7.0,1
2392,2018,8,7.0,27
2393,2018,7,5.0,1
2394,2018,10,5.0,1
2395,2018,9,5.0,2
2396,2018,8,5.0,49
2397,2018,7,1.0,0
2398,2018,11,1.0,10
2399,2018,10,1.0,2
2400,2018,9,1.0,1
2401,2018,11,17.0,7
2402,2018,7,9.0,1
2403,2018,11,9.0,12
2404,2018,10,9.0,3
2405,2018,9,9.0,5
2406,2018,9,21.0,1
2407,2018,9,8.0,6
2408,2018,10,8.0,1
2409,2018,11,5.0,8
2410,2018,9,16.0,2
2411,2018,8,11.0,43
2412,2018,9,11.0,9
2413,2018,10,11.0,0
2414,2018,11,11.0,3
2415,2018,7,11.0,2
2416,2018,8,6.0,33
2417,2018,9,6.0,3
2418,2018,7,8.0,0
2419,2018,11,8.0,4
2420,2018,11,21.0,9
2421,2019,12,16.0,105
2422,2019,13,17.0,16
2423,2019,12,17.0,165
2424,2019,12,36.0,176
2425,2019,12,35.0,59
2426,2019,13,36.0,21
2427,2019,13,16.0,8
2428,2019,13,35.0,15
2429,2019,12,8.0,152
2430,2019,12,6.0,0
2431,2019,12,11.0,171
2432,2019,13,11.0,44
2433,2019,13,34.0,18
2434,2019,13,6.0,0
2435,2019,12,9.0,0
2436,2019,13,9.0,0
2437,2019,12,1.0,97
2438,2019,13,1.0,4
2439,2019,12,5.0,204
2440,2019,13,5.0,20
2441,2019,13,8.0,12
2442,2019,12,34.0,92
2443,2019,13,30.0,25
2444,2019,12,19.0,185
2445,2019,12,31.0,205
2446,2019,13,32.0,73
2447,2019,12,32.0,218
2448,2019,13,33.0,0
2449,2019,12,33.0,0
2450,2019,12,7.0,0
2451,2019,13,20.0,0
2452,2019,12,20.0,0
2453,2019,13,18.0,0
2454,2019,12,18.0,0
2455,2019,13,19.0,41
2456,2019,13,41.0,14
2457,2019,13,40.0,66
2458,2019,12,40.0,187
2459,2019,13,38.0,16
2460,2019,12,38.0,291
2461,2019,13,39.0,6
2462,2019,12,39.0,142
2463,2019,13,31.0,41
2464,2019,12,30.0,265
2465,2019,12,29.0,168
2466,2019,13,29.0,21
2467,2019,12,41.0,284
2468,2019,13,7.0,0
2469,2019,13,13.0,6
2470,2019,13,2.0,24
2471,2019,12,25.0,24
2472,2019,13,25.0,6
2473,2019,12,10.0,92
2474,2019,13,10.0,76
2475,2019,7,,55
2476,2019,8,,1605
2477,2019,13,37.0,8
2478,2019,11,,186
2479,2019,18,,12363
2480,2019,15,,11
2481,2019,1,,2533
2482,2019,2,,100
2483,2019,6,,5967
2484,2019,4,,11095
2485,2019,5,,333
2486,2019,14,,373
2487,2019,16,,281
2488,2019,17,,94
2489,2019,9,,85
2490,2019,3,,93
2491,2019,10,,35
2492,2019,13,26.0,20
2493,2019,12,2.0,201
2494,2019,12,26.0,93
2495,2019,12,14.0,100
2496,2019,12,3.0,201
2497,2019,13,3.0,18
2498,2019,12,4.0,112
2499,2019,13,4.0,5
2500,2019,12,12.0,129
2501,2019,13,12.0,47
2502,2019,12,22.0,195
2503,2019,13,22.0,7
2504,2019,12,21.0,46
2505,2019,13,21.0,4
2506,2019,12,23.0,102
2507,2019,13,23.0,13
2508,2019,12,24.0,82
2509,2019,13,24.0,5
2510,2019,12,28.0,99
2511,2019,13,28.0,8
2512,2019,12,13.0,122
2513,2019,12,15.0,155
2514,2019,13,15.0,7
2515,2019,12,27.0,167
2516,2019,13,27.0,25
2517,2019,13,14.0,9
2518,2019,12,37.0,192
